<?xml version="1.0" encoding="UTF-8"?>
<addon id="plugin.video.movieroom"
       version="1.0.1"
       name="Movie Room"
       provider-name="Gael">
       
    <requires>
        <import addon="xbmc.python" version="3.0.1"/>
    </requires>

    <!-- Adiciona o plugin principal -->
    <extension point="xbmc.python.pluginsource" library="main.py">
        <provides>video</provides>
    </extension>

    <!-- Adiciona o serviço de pré-carregamento -->
    <extension point="xbmc.service" library="service.py" start="startup">
        <provides>video</provides>
    </extension>

    <!-- Metadados do addon -->
    <extension point="xbmc.addon.metadata">
        <description lang="en_GB">Addon focado em biblioteca de filmes.</description>
        <license>GPL-3.0-only</license>
        <assets>
            <icon>resources/images/icon.png</icon>
            <fanart>resources/images/fanart.jpg</fanart>
            <screenshot>resources/images/screenshot-1.jpg</screenshot>
            <screenshot>resources/images/screenshot-2.jpg</screenshot>
            <screenshot>resources/images/screenshot-3.jpg</screenshot>
        </assets>
        <news>Estreia do addon</news>
    </extension>
</addon>
