<window>
    <controls>
        <!-- Controle de imagem com ID 101 -->
        <control type="image">
            <posX>50</posX>
            <posY>50</posY>
            <width>500</width>
            <height>500</height>
            <id>101</id> <!-- Certifique-se de que este ID é 101 -->
        </control>

        <!-- Botão de fechar -->
        <control type="button">
            <posX>250</posX>
            <posY>600</posY>
            <width>200</width>
            <height>50</height>
            <label>Fechar</label>
            <id>102</id>
        </control>
    </controls>
</window>
